Rechargeable,Stand,Travel Storage,Battery Indicator
Manual,Head Storage,Built-in Toothpaste,Battery Indicator
Manual,Rechargeable,Stand,Battery Indicator
Manual,Timer,Rechargeable,Stand
Manual,Warranty,Attachments,Extra Head
Manual,Style,Stand,Travel Storage
Manual,Dual Speed,Warranty,Extra Head
Battery,Timer,Style,Stand
Manual,Rechargeable,Stand,Battery Indicator
Manual,Rechargeable,Style,Stand
Manual,Rechargeable,Stand,Dual Speed
Manual,Timer,Rechargeable,Style
Manual,Rechargeable,Style,Stand
Battery,Dual Speed,Charity,Attachments
Manual,Rechargeable,Dual Speed,Built-in Toothpaste
Manual,Rechargeable,Travel Storage,Extra Head
Manual,Rechargeable,Battery Indicator,Extra Head
Manual,Timer,Battery Indicator,Extra Head
Manual,Pacer,Dual Speed,Attachment
Battery,Timer,Distinguishable,Dual Speed
Manual,Timer,Distinguishable,Tavel Storage
